fishing.guild;RESOURCE.DEP;INCOME.DEP
A Guarda;0,20;0,00
Aldan;0,20;0,00
Baiona;0,20;0,00
Bueu;0,20;0,00
Cangas;0,20;0,00
O Grove;0,20;0,00
Vigo;0,20;0,00
A Coruna_mix;0,20;0,00
Aguino;0,20;0,00
Caion;0,20;0,00
Camarinas;0,20;0,00
Camelle;0,20;0,00
Carino;0,20;0,00
Cedeira;0,20;0,00
Corme;0,20;0,00
Espasante;0,20;0,00
Ferrol;0,20;0,00
Finisterra;0,20;0,00
Laxe;0,20;0,00
Lira;0,20;0,00
Malpica;0,20;0,00
Muros;0,20;0,00
Muxia;0,20;0,00
O Barqueiro;0,20;0,00
O Pindo;0,20;0,00
Porto do Son;0,20;0,00
Ribeira;0,20;0,00
San cosme;0,20;0,00
Burela;0,20;0,00
Celeiro;0,20;0,00
O Vicedo;0,20;0,00
Ribadeo;0,20;0,00
San Cibrao;0,20;0,00