province;fishing.guild;turfID;Temp;PP;IR
Pontevedra;A Guarda;1;13,01;105,33;1398,48
Pontevedra;Aldan;2;14,45;91,57;1551,63
Pontevedra;Baiona;3;15,21;84,69;1486,03
Pontevedra;Bueu;4;14,45;91,57;1551,63
Pontevedra;Cangas;5;15,97;102,07;1549,95
Pontevedra;O Grove;6;15,16;81,15;1601,83
Pontevedra;Vigo;7;15,97;102,07;1549,95
A Coruna;A Coruna_mix;8;14,23;56,82;1291,28
A Coruna;Aguino;9;15,09;101,41;1497,45
A Coruna;Caion;10;13,39;78,70;1355,78
A Coruna;Camarinas;11;14,52;90,73;1404,75
A Coruna;Camelle;12;14,52;90,73;1404,75
A Coruna;Carino;13;14,68;126,79;1241,02
A Coruna;Cedeira;14;13,27;75,70;1298,51
A Coruna;Corme;15;14,52;90,73;1404,75
A Coruna;Espasante;16;14,68;126,79;1241,02
A Coruna;Ferrol;17;14,48;105,09;1303,13
A Coruna;Finisterra;18;14,41;93,47;1414,68
A Coruna;Laxe;19;14,52;90,73;1404,75
A Coruna;Lira;20;14,41;93,47;1414,68
A Coruna;Malpica;21;13,39;78,70;1355,78
A Coruna;Muros;22;14,41;93,47;1414,68
A Coruna;Muxia;23;14,52;90,73;1404,75
A Coruna;O Barqueiro;24;10,83;91,78;1067,16
A Coruna;O Pindo;25;14,41;93,47;1414,68
A Coruna;Porto do Son;26;14,41;93,47;1414,68
A Coruna;Ribeira;27;14,94;90,39;1457,28
Lugo;San cosme;28;13,44;76,34;1198,90
Lugo;Burela;29;11,84;91,78;1129,38
Lugo;Celeiro;30;10,83;91,78;1067,16
Lugo;O Vicedo;31;10,83;91,78;1067,16
Lugo;Ribadeo;32;14,12;81,04;1161,53
Lugo;San Cibrao;33;11,84;91,78;1129,38