province;fishing.guild;turfID;bank.length;bank.area
Pontevedra;A Guarda;1;67580,06;0,00
Pontevedra;Aldan;2;0,00;16393,55
Pontevedra;Baiona;3;40645,01;0,00
Pontevedra;Bueu;4;0,00;0,00
Pontevedra;Cangas;5;0,00;0,00
Pontevedra;O Grove;6;12774,85;0,00
Pontevedra;Vigo;7;8423,78;0,00
A Coruna;A Coruna_mix;8;121874,83;0,00
A Coruna;Aguino;9;0,00;0,00
A Coruna;Caion;10;24942,94;0,00
A Coruna;Camarinas;11;0,00;0,00
A Coruna;Camelle;12;0,00;0,00
A Coruna;Carino;13;0,00;0,00
A Coruna;Cedeira;14;0,00;0,00
A Coruna;Corme;15;39099,48;0,00
A Coruna;Espasante;16;0,00;0,00
A Coruna;Ferrol;17;53346,14;0,00
A Coruna;Finisterra;18;0,00;0,00
A Coruna;Laxe;19;16164,42;0,00
A Coruna;Lira;20;15084,58;0,00
A Coruna;Malpica;21;54627,68;0,00
A Coruna;Muros;22;4671,79;0,00
A Coruna;Muxia;23;52881,89;0,00
A Coruna;O Barqueiro;24;0,00;0,00
A Coruna;O Pindo;25;13717,41;0,00
A Coruna;Porto do Son;26;12251,78;0,00
A Coruna;Ribeira;27;0,00;0,00
Lugo;San cosme;28;14163,41;0,00
Lugo;Burela;29;0,00;0,00
Lugo;Celeiro;30;0,00;0,00
Lugo;O Vicedo;31;0,00;0,00
Lugo;Ribadeo;32;27519,02;0,00
Lugo;San Cibrao;33;23116,87;0,00